<?xml version="1.0" encoding="utf-8" ?>
<dwsync>
<file name="bolts.jpg" server="ne8.net//var/www/" local="129064372392187504" remote="129064451720000000" />
<file name="yourdata.jpg" server="ne8.net//var/www/" local="129064381217852035" remote="129064451870000000" />
<file name="sky.jpg" server="ne8.net//var/www/" local="129064384311882520" remote="129064451810000000" />
<file name="adapters.jpg" server="ne8.net//var/www/" local="129064394644150900" remote="129064451710000000" />
<file name="paintcodes.jpg" server="ne8.net//var/www/" local="129064399233622780" remote="129064451780000000" />
<file name="seo.jpg" server="ne8.net//var/www/" local="129064421234128720" remote="129064451790000000" />
<file name="faceted.jpg" server="ne8.net//var/www/" local="129064444541953330" remote="129064451750000000" />
<file name="checkout.jpg" server="ne8.net//var/www/" local="129064457832460928" remote="129064458210000000" />
<file name="frontend.jpg" server="ne8.net//var/www/" local="129064447128437504" remote="129064451760000000" />
<file name="snippet.jpg" server="ne8.net//var/www/" local="129064401265973170" remote="129064451830000000" />
<file name="universal.jpg" server="ne8.net//var/www/" local="129064448227664695" remote="129064451850000000" />
<file name="bundled.jpg" server="ne8.net//var/www/" local="129064453183890445" remote="129064454240000000" />
<file name="administration.jpg" server="ne8.net//var/www/" local="129064468118598625" remote="129064468870000000" />
</dwsync>